alpha_0,alpha_1,alpha_2,alpha_3,alpha_4,alpha_5,shift
2.959839907732548792e-01,7.465555211656487167e-01,2.771834787144880075e-01,6.355736492431582896e-01,9.273577613349975879e-01,1.075489166067445934e-01,1.000000000000000000e+01
